run_id,product_id,planned_qty
PRD-1-RUN-000001,PRD-1,1
PRD-1-RUN-000002,PRD-1,1
PRD-1-RUN-000003,PRD-1,1
PRD-1-RUN-000004,PRD-1,1
PRD-1-RUN-000005,PRD-1,1
PRD-1-RUN-000006,PRD-1,1
PRD-1-RUN-000007,PRD-1,1
PRD-1-RUN-000008,PRD-1,1
PRD-1-RUN-000009,PRD-1,1
PRD-1-RUN-000010,PRD-1,1
PRD-1-RUN-000011,PRD-1,1
PRD-1-RUN-000012,PRD-1,1
PRD-1-RUN-000013,PRD-1,1
PRD-1-RUN-000014,PRD-1,1
PRD-1-RUN-000015,PRD-1,1
PRD-1-RUN-000016,PRD-1,1
PRD-1-RUN-000017,PRD-1,1
PRD-1-RUN-000018,PRD-1,1
PRD-1-RUN-000019,PRD-1,1
PRD-1-RUN-000020,PRD-1,1
PRD-1-RUN-000021,PRD-1,1
PRD-1-RUN-000022,PRD-1,1
PRD-1-RUN-000023,PRD-1,1
PRD-1-RUN-000024,PRD-1,1
PRD-1-RUN-000025,PRD-1,1
PRD-1-RUN-000026,PRD-1,1
PRD-1-RUN-000027,PRD-1,1
PRD-1-RUN-000028,PRD-1,1
PRD-1-RUN-000029,PRD-1,1
PRD-1-RUN-000030,PRD-1,1
PRD-1-RUN-000031,PRD-1,1
PRD-1-RUN-000032,PRD-1,1
PRD-1-RUN-000033,PRD-1,1
PRD-1-RUN-000034,PRD-1,1
PRD-1-RUN-000035,PRD-1,1
PRD-1-RUN-000036,PRD-1,1
PRD-1-RUN-000037,PRD-1,1
PRD-1-RUN-000038,PRD-1,1
PRD-1-RUN-000039,PRD-1,1
PRD-1-RUN-000040,PRD-1,1
PRD-1-RUN-000041,PRD-1,1
PRD-1-RUN-000042,PRD-1,1
PRD-1-RUN-000043,PRD-1,1
PRD-1-RUN-000044,PRD-1,1
PRD-1-RUN-000045,PRD-1,1
PRD-1-RUN-000046,PRD-1,1
PRD-1-RUN-000047,PRD-1,1
PRD-1-RUN-000048,PRD-1,1
PRD-1-RUN-000049,PRD-1,1
PRD-1-RUN-000050,PRD-1,1
PRD-1-RUN-000051,PRD-1,1
PRD-1-RUN-000052,PRD-1,1
PRD-1-RUN-000053,PRD-1,1
PRD-1-RUN-000054,PRD-1,1
PRD-1-RUN-000055,PRD-1,1
PRD-1-RUN-000056,PRD-1,1
PRD-1-RUN-000057,PRD-1,1
PRD-1-RUN-000058,PRD-1,1
PRD-1-RUN-000059,PRD-1,1
PRD-1-RUN-000060,PRD-1,1
PRD-1-RUN-000061,PRD-1,1
PRD-1-RUN-000062,PRD-1,1
PRD-1-RUN-000063,PRD-1,1
PRD-1-RUN-000064,PRD-1,1
PRD-1-RUN-000065,PRD-1,1
PRD-1-RUN-000066,PRD-1,1
PRD-1-RUN-000067,PRD-1,1
PRD-1-RUN-000068,PRD-1,1
PRD-1-RUN-000069,PRD-1,1
PRD-1-RUN-000070,PRD-1,1
PRD-1-RUN-000071,PRD-1,1
PRD-1-RUN-000072,PRD-1,1
PRD-1-RUN-000073,PRD-1,1
PRD-1-RUN-000074,PRD-1,1
PRD-1-RUN-000075,PRD-1,1
PRD-1-RUN-000076,PRD-1,1
PRD-1-RUN-000077,PRD-1,1
PRD-1-RUN-000078,PRD-1,1
PRD-1-RUN-000079,PRD-1,1
PRD-1-RUN-000080,PRD-1,1
PRD-1-RUN-000081,PRD-1,1
PRD-1-RUN-000082,PRD-1,1
PRD-1-RUN-000083,PRD-1,1
PRD-1-RUN-000084,PRD-1,1
PRD-1-RUN-000085,PRD-1,1
PRD-1-RUN-000086,PRD-1,1
PRD-1-RUN-000087,PRD-1,1
PRD-1-RUN-000088,PRD-1,1
PRD-1-RUN-000089,PRD-1,1
PRD-1-RUN-000090,PRD-1,1
PRD-1-RUN-000091,PRD-1,1
PRD-1-RUN-000092,PRD-1,1
PRD-1-RUN-000093,PRD-1,1
PRD-1-RUN-000094,PRD-1,1
PRD-1-RUN-000095,PRD-1,1
PRD-1-RUN-000096,PRD-1,1
PRD-1-RUN-000097,PRD-1,1
PRD-1-RUN-000098,PRD-1,1
PRD-1-RUN-000099,PRD-1,1
PRD-1-RUN-000100,PRD-1,1
PRD-1-RUN-000101,PRD-1,1
PRD-1-RUN-000102,PRD-1,1
PRD-1-RUN-000103,PRD-1,1
PRD-1-RUN-000104,PRD-1,1
PRD-1-RUN-000105,PRD-1,1
PRD-1-RUN-000106,PRD-1,1
PRD-1-RUN-000107,PRD-1,1
PRD-1-RUN-000108,PRD-1,1
PRD-1-RUN-000109,PRD-1,1
PRD-1-RUN-000110,PRD-1,1
PRD-1-RUN-000111,PRD-1,1
PRD-1-RUN-000112,PRD-1,1
PRD-1-RUN-000113,PRD-1,1
PRD-1-RUN-000114,PRD-1,1
PRD-1-RUN-000115,PRD-1,1
PRD-1-RUN-000116,PRD-1,1
PRD-1-RUN-000117,PRD-1,1
PRD-1-RUN-000118,PRD-1,1
PRD-1-RUN-000119,PRD-1,1
PRD-1-RUN-000120,PRD-1,1
PRD-1-RUN-000121,PRD-1,1
PRD-1-RUN-000122,PRD-1,1
PRD-1-RUN-000123,PRD-1,1
PRD-1-RUN-000124,PRD-1,1
PRD-1-RUN-000125,PRD-1,1
PRD-1-RUN-000126,PRD-1,1
PRD-1-RUN-000127,PRD-1,1
PRD-1-RUN-000128,PRD-1,1
PRD-1-RUN-000129,PRD-1,1
PRD-1-RUN-000130,PRD-1,1
PRD-1-RUN-000131,PRD-1,1
PRD-1-RUN-000132,PRD-1,1
PRD-1-RUN-000133,PRD-1,1
PRD-1-RUN-000134,PRD-1,1
PRD-1-RUN-000135,PRD-1,1
PRD-1-RUN-000136,PRD-1,1
PRD-1-RUN-000137,PRD-1,1
PRD-1-RUN-000138,PRD-1,1
PRD-1-RUN-000139,PRD-1,1
PRD-1-RUN-000140,PRD-1,1
PRD-1-RUN-000141,PRD-1,1
PRD-1-RUN-000142,PRD-1,1
PRD-1-RUN-000143,PRD-1,1
PRD-1-RUN-000144,PRD-1,1
PRD-1-RUN-000145,PRD-1,1
PRD-1-RUN-000146,PRD-1,1
PRD-1-RUN-000147,PRD-1,1
PRD-1-RUN-000148,PRD-1,1
PRD-1-RUN-000149,PRD-1,1
PRD-1-RUN-000150,PRD-1,1
PRD-1-RUN-000151,PRD-1,1
PRD-1-RUN-000152,PRD-1,1
PRD-1-RUN-000153,PRD-1,1
PRD-1-RUN-000154,PRD-1,1
PRD-1-RUN-000155,PRD-1,1
PRD-1-RUN-000156,PRD-1,1
PRD-1-RUN-000157,PRD-1,1
PRD-1-RUN-000158,PRD-1,1
PRD-1-RUN-000159,PRD-1,1
PRD-1-RUN-000160,PRD-1,1
PRD-1-RUN-000161,PRD-1,1
PRD-1-RUN-000162,PRD-1,1
PRD-1-RUN-000163,PRD-1,1
PRD-1-RUN-000164,PRD-1,1
PRD-1-RUN-000165,PRD-1,1
PRD-1-RUN-000166,PRD-1,1
PRD-1-RUN-000167,PRD-1,1
PRD-1-RUN-000168,PRD-1,1
PRD-1-RUN-000169,PRD-1,1
PRD-1-RUN-000170,PRD-1,1
PRD-1-RUN-000171,PRD-1,1
PRD-1-RUN-000172,PRD-1,1
PRD-1-RUN-000173,PRD-1,1
PRD-1-RUN-000174,PRD-1,1
PRD-1-RUN-000175,PRD-1,1
PRD-1-RUN-000176,PRD-1,1
PRD-1-RUN-000177,PRD-1,1
PRD-1-RUN-000178,PRD-1,1
PRD-1-RUN-000179,PRD-1,1
PRD-1-RUN-000180,PRD-1,1
PRD-1-RUN-000181,PRD-1,1
PRD-1-RUN-000182,PRD-1,1
PRD-1-RUN-000183,PRD-1,1
PRD-1-RUN-000184,PRD-1,1
PRD-1-RUN-000185,PRD-1,1
PRD-1-RUN-000186,PRD-1,1
PRD-1-RUN-000187,PRD-1,1
PRD-1-RUN-000188,PRD-1,1
PRD-1-RUN-000189,PRD-1,1
PRD-1-RUN-000190,PRD-1,1
PRD-1-RUN-000191,PRD-1,1
PRD-1-RUN-000192,PRD-1,1
PRD-1-RUN-000193,PRD-1,1
PRD-1-RUN-000194,PRD-1,1
PRD-1-RUN-000195,PRD-1,1
PRD-1-RUN-000196,PRD-1,1
PRD-1-RUN-000197,PRD-1,1
PRD-1-RUN-000198,PRD-1,1
PRD-1-RUN-000199,PRD-1,1
PRD-1-RUN-000200,PRD-1,1
PRD-1-RUN-000201,PRD-1,1
PRD-1-RUN-000202,PRD-1,1
PRD-1-RUN-000203,PRD-1,1
PRD-1-RUN-000204,PRD-1,1
PRD-1-RUN-000205,PRD-1,1
PRD-1-RUN-000206,PRD-1,1
PRD-1-RUN-000207,PRD-1,1
PRD-1-RUN-000208,PRD-1,1
PRD-2-RUN-000209,PRD-2,1
PRD-2-RUN-000210,PRD-2,1
PRD-2-RUN-000211,PRD-2,1
PRD-2-RUN-000212,PRD-2,1
PRD-2-RUN-000213,PRD-2,1
PRD-2-RUN-000214,PRD-2,1
PRD-2-RUN-000215,PRD-2,1
PRD-2-RUN-000216,PRD-2,1
PRD-2-RUN-000217,PRD-2,1
PRD-2-RUN-000218,PRD-2,1
PRD-2-RUN-000219,PRD-2,1
PRD-2-RUN-000220,PRD-2,1
PRD-2-RUN-000221,PRD-2,1
PRD-2-RUN-000222,PRD-2,1
PRD-2-RUN-000223,PRD-2,1
PRD-2-RUN-000224,PRD-2,1
PRD-2-RUN-000225,PRD-2,1
PRD-2-RUN-000226,PRD-2,1
PRD-2-RUN-000227,PRD-2,1
PRD-2-RUN-000228,PRD-2,1
PRD-2-RUN-000229,PRD-2,1
PRD-2-RUN-000230,PRD-2,1
PRD-2-RUN-000231,PRD-2,1
PRD-2-RUN-000232,PRD-2,1
PRD-2-RUN-000233,PRD-2,1
PRD-2-RUN-000234,PRD-2,1
PRD-2-RUN-000235,PRD-2,1
PRD-2-RUN-000236,PRD-2,1
PRD-2-RUN-000237,PRD-2,1
PRD-2-RUN-000238,PRD-2,1
PRD-2-RUN-000239,PRD-2,1
PRD-2-RUN-000240,PRD-2,1
PRD-2-RUN-000241,PRD-2,1
PRD-2-RUN-000242,PRD-2,1
PRD-2-RUN-000243,PRD-2,1
PRD-2-RUN-000244,PRD-2,1
PRD-2-RUN-000245,PRD-2,1
PRD-2-RUN-000246,PRD-2,1
PRD-2-RUN-000247,PRD-2,1
PRD-2-RUN-000248,PRD-2,1
PRD-2-RUN-000249,PRD-2,1
PRD-2-RUN-000250,PRD-2,1
PRD-2-RUN-000251,PRD-2,1
PRD-2-RUN-000252,PRD-2,1
PRD-2-RUN-000253,PRD-2,1
PRD-2-RUN-000254,PRD-2,1
PRD-2-RUN-000255,PRD-2,1
PRD-2-RUN-000256,PRD-2,1
PRD-2-RUN-000257,PRD-2,1
PRD-2-RUN-000258,PRD-2,1
PRD-2-RUN-000259,PRD-2,1
PRD-2-RUN-000260,PRD-2,1
PRD-2-RUN-000261,PRD-2,1
PRD-2-RUN-000262,PRD-2,1
PRD-2-RUN-000263,PRD-2,1
PRD-2-RUN-000264,PRD-2,1
PRD-2-RUN-000265,PRD-2,1
PRD-2-RUN-000266,PRD-2,1
PRD-2-RUN-000267,PRD-2,1
PRD-2-RUN-000268,PRD-2,1
PRD-2-RUN-000269,PRD-2,1
PRD-2-RUN-000270,PRD-2,1
PRD-2-RUN-000271,PRD-2,1
PRD-2-RUN-000272,PRD-2,1
PRD-2-RUN-000273,PRD-2,1
PRD-2-RUN-000274,PRD-2,1
PRD-2-RUN-000275,PRD-2,1
PRD-2-RUN-000276,PRD-2,1
PRD-2-RUN-000277,PRD-2,1
PRD-2-RUN-000278,PRD-2,1
PRD-2-RUN-000279,PRD-2,1
PRD-2-RUN-000280,PRD-2,1
PRD-2-RUN-000281,PRD-2,1
PRD-2-RUN-000282,PRD-2,1
PRD-2-RUN-000283,PRD-2,1
PRD-2-RUN-000284,PRD-2,1
PRD-2-RUN-000285,PRD-2,1
PRD-2-RUN-000286,PRD-2,1
PRD-2-RUN-000287,PRD-2,1
PRD-2-RUN-000288,PRD-2,1
PRD-2-RUN-000289,PRD-2,1
PRD-2-RUN-000290,PRD-2,1
PRD-2-RUN-000291,PRD-2,1
PRD-2-RUN-000292,PRD-2,1
PRD-2-RUN-000293,PRD-2,1
PRD-2-RUN-000294,PRD-2,1
PRD-2-RUN-000295,PRD-2,1
PRD-2-RUN-000296,PRD-2,1
PRD-2-RUN-000297,PRD-2,1
PRD-2-RUN-000298,PRD-2,1
PRD-2-RUN-000299,PRD-2,1
PRD-2-RUN-000300,PRD-2,1
PRD-2-RUN-000301,PRD-2,1
PRD-2-RUN-000302,PRD-2,1
PRD-2-RUN-000303,PRD-2,1
PRD-2-RUN-000304,PRD-2,1
PRD-2-RUN-000305,PRD-2,1
PRD-2-RUN-000306,PRD-2,1
PRD-2-RUN-000307,PRD-2,1
PRD-2-RUN-000308,PRD-2,1
PRD-2-RUN-000309,PRD-2,1
PRD-2-RUN-000310,PRD-2,1
PRD-2-RUN-000311,PRD-2,1
PRD-2-RUN-000312,PRD-2,1
PRD-2-RUN-000313,PRD-2,1
PRD-2-RUN-000314,PRD-2,1
PRD-2-RUN-000315,PRD-2,1
PRD-2-RUN-000316,PRD-2,1
PRD-2-RUN-000317,PRD-2,1
PRD-2-RUN-000318,PRD-2,1
PRD-2-RUN-000319,PRD-2,1
PRD-2-RUN-000320,PRD-2,1
PRD-2-RUN-000321,PRD-2,1
PRD-2-RUN-000322,PRD-2,1
PRD-2-RUN-000323,PRD-2,1
PRD-2-RUN-000324,PRD-2,1
PRD-2-RUN-000325,PRD-2,1
PRD-2-RUN-000326,PRD-2,1
PRD-2-RUN-000327,PRD-2,1
PRD-2-RUN-000328,PRD-2,1
PRD-2-RUN-000329,PRD-2,1
PRD-2-RUN-000330,PRD-2,1
PRD-2-RUN-000331,PRD-2,1
PRD-2-RUN-000332,PRD-2,1
PRD-2-RUN-000333,PRD-2,1
PRD-2-RUN-000334,PRD-2,1
PRD-2-RUN-000335,PRD-2,1
PRD-2-RUN-000336,PRD-2,1
PRD-2-RUN-000337,PRD-2,1
PRD-2-RUN-000338,PRD-2,1
PRD-2-RUN-000339,PRD-2,1
PRD-2-RUN-000340,PRD-2,1
PRD-2-RUN-000341,PRD-2,1
PRD-2-RUN-000342,PRD-2,1
PRD-2-RUN-000343,PRD-2,1
PRD-2-RUN-000344,PRD-2,1
PRD-2-RUN-000345,PRD-2,1
PRD-2-RUN-000346,PRD-2,1
PRD-2-RUN-000347,PRD-2,1
PRD-2-RUN-000348,PRD-2,1
PRD-2-RUN-000349,PRD-2,1
PRD-2-RUN-000350,PRD-2,1
PRD-2-RUN-000351,PRD-2,1
PRD-2-RUN-000352,PRD-2,1
PRD-2-RUN-000353,PRD-2,1
PRD-2-RUN-000354,PRD-2,1
PRD-2-RUN-000355,PRD-2,1
PRD-2-RUN-000356,PRD-2,1
PRD-2-RUN-000357,PRD-2,1
PRD-2-RUN-000358,PRD-2,1
PRD-2-RUN-000359,PRD-2,1
PRD-2-RUN-000360,PRD-2,1
PRD-2-RUN-000361,PRD-2,1
PRD-2-RUN-000362,PRD-2,1
PRD-2-RUN-000363,PRD-2,1
PRD-2-RUN-000364,PRD-2,1
PRD-2-RUN-000365,PRD-2,1
PRD-2-RUN-000366,PRD-2,1
PRD-2-RUN-000367,PRD-2,1
PRD-2-RUN-000368,PRD-2,1
PRD-2-RUN-000369,PRD-2,1
PRD-2-RUN-000370,PRD-2,1
PRD-2-RUN-000371,PRD-2,1
PRD-2-RUN-000372,PRD-2,1
PRD-2-RUN-000373,PRD-2,1
PRD-2-RUN-000374,PRD-2,1
PRD-2-RUN-000375,PRD-2,1
PRD-2-RUN-000376,PRD-2,1
PRD-2-RUN-000377,PRD-2,1
PRD-2-RUN-000378,PRD-2,1
PRD-2-RUN-000379,PRD-2,1
PRD-2-RUN-000380,PRD-2,1
PRD-2-RUN-000381,PRD-2,1
PRD-2-RUN-000382,PRD-2,1
PRD-2-RUN-000383,PRD-2,1
PRD-2-RUN-000384,PRD-2,1
PRD-2-RUN-000385,PRD-2,1
PRD-2-RUN-000386,PRD-2,1
PRD-2-RUN-000387,PRD-2,1
PRD-2-RUN-000388,PRD-2,1
PRD-2-RUN-000389,PRD-2,1
PRD-2-RUN-000390,PRD-2,1
PRD-2-RUN-000391,PRD-2,1
PRD-2-RUN-000392,PRD-2,1
PRD-2-RUN-000393,PRD-2,1
PRD-2-RUN-000394,PRD-2,1
PRD-2-RUN-000395,PRD-2,1
PRD-2-RUN-000396,PRD-2,1
PRD-2-RUN-000397,PRD-2,1
PRD-2-RUN-000398,PRD-2,1
PRD-2-RUN-000399,PRD-2,1
PRD-2-RUN-000400,PRD-2,1
PRD-2-RUN-000401,PRD-2,1
PRD-2-RUN-000402,PRD-2,1
PRD-2-RUN-000403,PRD-2,1
PRD-2-RUN-000404,PRD-2,1
PRD-2-RUN-000405,PRD-2,1
PRD-2-RUN-000406,PRD-2,1
PRD-2-RUN-000407,PRD-2,1
PRD-2-RUN-000408,PRD-2,1
PRD-2-RUN-000409,PRD-2,1
PRD-2-RUN-000410,PRD-2,1
PRD-2-RUN-000411,PRD-2,1
PRD-2-RUN-000412,PRD-2,1
PRD-2-RUN-000413,PRD-2,1
PRD-2-RUN-000414,PRD-2,1
PRD-2-RUN-000415,PRD-2,1
PRD-2-RUN-000416,PRD-2,1
PRD-3-RUN-000417,PRD-3,1
PRD-3-RUN-000418,PRD-3,1
PRD-3-RUN-000419,PRD-3,1
PRD-3-RUN-000420,PRD-3,1
PRD-3-RUN-000421,PRD-3,1
PRD-3-RUN-000422,PRD-3,1
PRD-3-RUN-000423,PRD-3,1
PRD-3-RUN-000424,PRD-3,1
PRD-3-RUN-000425,PRD-3,1
PRD-3-RUN-000426,PRD-3,1
PRD-3-RUN-000427,PRD-3,1
PRD-3-RUN-000428,PRD-3,1
PRD-3-RUN-000429,PRD-3,1
PRD-3-RUN-000430,PRD-3,1
PRD-3-RUN-000431,PRD-3,1
PRD-3-RUN-000432,PRD-3,1
PRD-3-RUN-000433,PRD-3,1
PRD-3-RUN-000434,PRD-3,1
PRD-3-RUN-000435,PRD-3,1
PRD-3-RUN-000436,PRD-3,1
PRD-3-RUN-000437,PRD-3,1
PRD-3-RUN-000438,PRD-3,1
PRD-3-RUN-000439,PRD-3,1
PRD-3-RUN-000440,PRD-3,1
PRD-3-RUN-000441,PRD-3,1
PRD-3-RUN-000442,PRD-3,1
PRD-3-RUN-000443,PRD-3,1
PRD-3-RUN-000444,PRD-3,1
PRD-3-RUN-000445,PRD-3,1
PRD-3-RUN-000446,PRD-3,1
PRD-3-RUN-000447,PRD-3,1
PRD-3-RUN-000448,PRD-3,1
PRD-3-RUN-000449,PRD-3,1
PRD-3-RUN-000450,PRD-3,1
PRD-3-RUN-000451,PRD-3,1
PRD-3-RUN-000452,PRD-3,1
PRD-3-RUN-000453,PRD-3,1
PRD-3-RUN-000454,PRD-3,1
PRD-3-RUN-000455,PRD-3,1
PRD-3-RUN-000456,PRD-3,1
PRD-3-RUN-000457,PRD-3,1
PRD-3-RUN-000458,PRD-3,1
PRD-3-RUN-000459,PRD-3,1
PRD-3-RUN-000460,PRD-3,1
PRD-3-RUN-000461,PRD-3,1
PRD-3-RUN-000462,PRD-3,1
PRD-3-RUN-000463,PRD-3,1
PRD-3-RUN-000464,PRD-3,1
PRD-3-RUN-000465,PRD-3,1
PRD-3-RUN-000466,PRD-3,1
PRD-3-RUN-000467,PRD-3,1
PRD-3-RUN-000468,PRD-3,1
PRD-3-RUN-000469,PRD-3,1
PRD-3-RUN-000470,PRD-3,1
PRD-3-RUN-000471,PRD-3,1
PRD-3-RUN-000472,PRD-3,1
PRD-3-RUN-000473,PRD-3,1
PRD-3-RUN-000474,PRD-3,1
PRD-3-RUN-000475,PRD-3,1
PRD-3-RUN-000476,PRD-3,1
PRD-3-RUN-000477,PRD-3,1
PRD-3-RUN-000478,PRD-3,1
PRD-3-RUN-000479,PRD-3,1
PRD-3-RUN-000480,PRD-3,1
PRD-3-RUN-000481,PRD-3,1
PRD-3-RUN-000482,PRD-3,1
PRD-3-RUN-000483,PRD-3,1
PRD-3-RUN-000484,PRD-3,1
PRD-3-RUN-000485,PRD-3,1
PRD-3-RUN-000486,PRD-3,1
PRD-3-RUN-000487,PRD-3,1
PRD-3-RUN-000488,PRD-3,1
PRD-3-RUN-000489,PRD-3,1
PRD-3-RUN-000490,PRD-3,1
PRD-3-RUN-000491,PRD-3,1
PRD-3-RUN-000492,PRD-3,1
PRD-3-RUN-000493,PRD-3,1
PRD-3-RUN-000494,PRD-3,1
PRD-3-RUN-000495,PRD-3,1
PRD-3-RUN-000496,PRD-3,1
PRD-3-RUN-000497,PRD-3,1
PRD-3-RUN-000498,PRD-3,1
PRD-3-RUN-000499,PRD-3,1
PRD-3-RUN-000500,PRD-3,1
PRD-3-RUN-000501,PRD-3,1
PRD-3-RUN-000502,PRD-3,1
PRD-3-RUN-000503,PRD-3,1
PRD-3-RUN-000504,PRD-3,1
PRD-3-RUN-000505,PRD-3,1
PRD-3-RUN-000506,PRD-3,1
PRD-3-RUN-000507,PRD-3,1
PRD-3-RUN-000508,PRD-3,1
PRD-3-RUN-000509,PRD-3,1
PRD-3-RUN-000510,PRD-3,1
PRD-3-RUN-000511,PRD-3,1
PRD-3-RUN-000512,PRD-3,1
PRD-3-RUN-000513,PRD-3,1
PRD-3-RUN-000514,PRD-3,1
PRD-3-RUN-000515,PRD-3,1
PRD-3-RUN-000516,PRD-3,1
PRD-3-RUN-000517,PRD-3,1
PRD-3-RUN-000518,PRD-3,1
PRD-3-RUN-000519,PRD-3,1
PRD-3-RUN-000520,PRD-3,1
PRD-3-RUN-000521,PRD-3,1
PRD-3-RUN-000522,PRD-3,1
PRD-3-RUN-000523,PRD-3,1
PRD-3-RUN-000524,PRD-3,1
PRD-3-RUN-000525,PRD-3,1
PRD-3-RUN-000526,PRD-3,1
PRD-3-RUN-000527,PRD-3,1
PRD-3-RUN-000528,PRD-3,1
PRD-3-RUN-000529,PRD-3,1
PRD-3-RUN-000530,PRD-3,1
PRD-3-RUN-000531,PRD-3,1
PRD-3-RUN-000532,PRD-3,1
PRD-3-RUN-000533,PRD-3,1
PRD-3-RUN-000534,PRD-3,1
PRD-3-RUN-000535,PRD-3,1
PRD-3-RUN-000536,PRD-3,1
PRD-3-RUN-000537,PRD-3,1
PRD-3-RUN-000538,PRD-3,1
PRD-3-RUN-000539,PRD-3,1
PRD-3-RUN-000540,PRD-3,1
PRD-3-RUN-000541,PRD-3,1
PRD-3-RUN-000542,PRD-3,1
PRD-3-RUN-000543,PRD-3,1
PRD-3-RUN-000544,PRD-3,1
PRD-3-RUN-000545,PRD-3,1
PRD-3-RUN-000546,PRD-3,1
PRD-3-RUN-000547,PRD-3,1
PRD-3-RUN-000548,PRD-3,1
PRD-3-RUN-000549,PRD-3,1
PRD-3-RUN-000550,PRD-3,1
PRD-3-RUN-000551,PRD-3,1
PRD-3-RUN-000552,PRD-3,1
PRD-3-RUN-000553,PRD-3,1
PRD-3-RUN-000554,PRD-3,1
PRD-3-RUN-000555,PRD-3,1
PRD-3-RUN-000556,PRD-3,1
PRD-3-RUN-000557,PRD-3,1
PRD-3-RUN-000558,PRD-3,1
PRD-3-RUN-000559,PRD-3,1
PRD-3-RUN-000560,PRD-3,1
PRD-3-RUN-000561,PRD-3,1
PRD-3-RUN-000562,PRD-3,1
PRD-3-RUN-000563,PRD-3,1
PRD-3-RUN-000564,PRD-3,1
PRD-3-RUN-000565,PRD-3,1
PRD-3-RUN-000566,PRD-3,1
PRD-3-RUN-000567,PRD-3,1
PRD-3-RUN-000568,PRD-3,1
PRD-3-RUN-000569,PRD-3,1
PRD-3-RUN-000570,PRD-3,1
PRD-3-RUN-000571,PRD-3,1
PRD-3-RUN-000572,PRD-3,1
PRD-3-RUN-000573,PRD-3,1
PRD-3-RUN-000574,PRD-3,1
PRD-3-RUN-000575,PRD-3,1
PRD-3-RUN-000576,PRD-3,1
PRD-3-RUN-000577,PRD-3,1
PRD-3-RUN-000578,PRD-3,1
PRD-3-RUN-000579,PRD-3,1
PRD-3-RUN-000580,PRD-3,1
PRD-3-RUN-000581,PRD-3,1
PRD-3-RUN-000582,PRD-3,1
PRD-3-RUN-000583,PRD-3,1
PRD-3-RUN-000584,PRD-3,1
PRD-3-RUN-000585,PRD-3,1
PRD-3-RUN-000586,PRD-3,1
PRD-3-RUN-000587,PRD-3,1
PRD-3-RUN-000588,PRD-3,1
PRD-3-RUN-000589,PRD-3,1
PRD-3-RUN-000590,PRD-3,1
PRD-3-RUN-000591,PRD-3,1
PRD-3-RUN-000592,PRD-3,1
PRD-3-RUN-000593,PRD-3,1
PRD-3-RUN-000594,PRD-3,1
PRD-3-RUN-000595,PRD-3,1
PRD-3-RUN-000596,PRD-3,1
PRD-3-RUN-000597,PRD-3,1
PRD-3-RUN-000598,PRD-3,1
PRD-3-RUN-000599,PRD-3,1
PRD-3-RUN-000600,PRD-3,1
PRD-3-RUN-000601,PRD-3,1
PRD-3-RUN-000602,PRD-3,1
PRD-3-RUN-000603,PRD-3,1
PRD-3-RUN-000604,PRD-3,1
PRD-3-RUN-000605,PRD-3,1
PRD-3-RUN-000606,PRD-3,1
PRD-3-RUN-000607,PRD-3,1
PRD-3-RUN-000608,PRD-3,1
PRD-3-RUN-000609,PRD-3,1
PRD-3-RUN-000610,PRD-3,1
PRD-3-RUN-000611,PRD-3,1
PRD-3-RUN-000612,PRD-3,1
PRD-3-RUN-000613,PRD-3,1
PRD-3-RUN-000614,PRD-3,1
PRD-3-RUN-000615,PRD-3,1
PRD-3-RUN-000616,PRD-3,1
PRD-3-RUN-000617,PRD-3,1
PRD-3-RUN-000618,PRD-3,1
PRD-3-RUN-000619,PRD-3,1
PRD-3-RUN-000620,PRD-3,1
PRD-3-RUN-000621,PRD-3,1
PRD-3-RUN-000622,PRD-3,1
PRD-3-RUN-000623,PRD-3,1
PRD-3-RUN-000624,PRD-3,1
